letter,count_all,count_uppercase,percentage
n,20,5,0.25
e,39,3,0.07692307692307693
w,6,1,0.16666666666666666
s,24,2,0.08333333333333333
f,15,1,0.06666666666666667
d,8,1,0.125
t,46,6,0.13043478260869565
h,10,0,0.0
i,32,0,0.0
x,6,0,0.0
r,13,0,0.0
o,10,0,0.0
m,10,0,0.0
p,10,2,0.2
u,12,0,0.0
l,12,0,0.0
k,4,1,0.25
a,18,4,0.2222222222222222
รณ,1,0,0.0
v,6,0,0.0
c,2,0,0.0
y,4,0,0.0
g,1,1,1.0
ล,1,0,0.0
z,2,1,0.5
